timestamp,symbol,score,expected_return,confidence,horizon_steps,is_valid,tag_alpha_source,tag_model_scores,tag_session,tag_regime_vol,tag_regime_trend,tag_regime_liquidity,tag_strategy
2026-03-17 09:00:00,010140,0.52770211850272,5.2770211850272,0.52770211850272,1,True,MicroAlpha,"{'EWMAlpha(fast=5, slow=20)': 0.0, 'OrderFlowAlpha(thr=0.1, w=5)': 0.879504}",regular,LOW_VOL,MEAN_REVERTING,LOW_VOL,MicroAlphaStrategy
2026-03-17 09:00:05,010140,0.45300771662937156,4.530077166293715,0.45300771662937156,1,True,MicroAlpha,"{'EWMAlpha(fast=5, slow=20)': 0.040706, 'OrderFlowAlpha(thr=0.1, w=5)': 0.727876}",regular,LOW_VOL,MEAN_REVERTING,LOW_VOL,MicroAlphaStrategy
2026-03-17 10:29:00,010140,0.05333220564511865,0.5333220564511865,0.05333220564511865,1,True,MicroAlpha,"{'EWMAlpha(fast=5, slow=20)': 0.133331, 'OrderFlowAlpha(thr=0.1, w=5)': 0.0}",regular,HIGH_VOL,MEAN_REVERTING,LOW_VOL,MicroAlphaStrategy
2026-03-17 10:29:05,010140,-0.14663417768594295,-1.4663417768594296,0.11215701751861283,1,True,MicroAlpha,"{'EWMAlpha(fast=5, slow=20)': 0.232955, 'OrderFlowAlpha(thr=0.1, w=5)': -0.391724}",regular,HIGH_VOL,MEAN_REVERTING,LOW_VOL,MicroAlphaStrategy
2026-03-17 10:29:10,010140,-0.2599817431632695,-2.5998174316326947,0.1071197904002658,1,True,MicroAlpha,"{'EWMAlpha(fast=5, slow=20)': 0.32078, 'OrderFlowAlpha(thr=0.1, w=5)': -0.755908}",regular,HIGH_VOL,MEAN_REVERTING,LOW_VOL,MicroAlphaStrategy
2026-03-17 10:29:15,010140,-0.2577467740975035,-2.577467740975035,0.10967991692816348,1,True,MicroAlpha,"{'EWMAlpha(fast=5, slow=20)': 0.39677, 'OrderFlowAlpha(thr=0.1, w=5)': -0.876243}",regular,HIGH_VOL,MEAN_REVERTING,LOW_VOL,MicroAlphaStrategy
2026-03-17 10:29:20,010140,-0.18338123324985367,-1.8338123324985367,0.11255276554754032,1,True,MicroAlpha,"{'EWMAlpha(fast=5, slow=20)': 0.492973, 'OrderFlowAlpha(thr=0.1, w=5)': -0.878964}",regular,HIGH_VOL,MEAN_REVERTING,LOW_VOL,MicroAlphaStrategy
2026-03-17 10:29:25,010140,-0.13821674071464282,-1.3821674071464283,0.11496096035572445,1,True,MicroAlpha,"{'EWMAlpha(fast=5, slow=20)': 0.561805, 'OrderFlowAlpha(thr=0.1, w=5)': -0.872578}",regular,HIGH_VOL,MEAN_REVERTING,LOW_VOL,MicroAlphaStrategy
2026-03-17 10:29:30,010140,-0.06663665255062082,-0.6663665255062081,0.1171718036734435,1,True,MicroAlpha,"{'EWMAlpha(fast=5, slow=20)': 0.586672, 'OrderFlowAlpha(thr=0.1, w=5)': -0.868065}",regular,HIGH_VOL,TRENDING_UP,LOW_VOL,MicroAlphaStrategy
2026-03-17 10:29:55,010140,-0.06015831036779484,-0.6015831036779484,0.12758198366347562,1,True,MicroAlpha,"{'EWMAlpha(fast=5, slow=20)': 0.497756, 'OrderFlowAlpha(thr=0.1, w=5)': -0.86095}",regular,HIGH_VOL,TRENDING_UP,LOW_VOL,MicroAlphaStrategy
2026-03-17 10:30:00,010140,-0.0708149343390607,-0.7081493433906071,0.1302593441874598,1,True,MicroAlpha,"{'EWMAlpha(fast=5, slow=20)': 0.454621, 'OrderFlowAlpha(thr=0.1, w=5)': -0.845503}",regular,HIGH_VOL,TRENDING_UP,LOW_VOL,MicroAlphaStrategy
2026-03-17 10:30:05,010140,-0.11143609276216393,-1.1143609276216393,0.13321790427001304,1,True,MicroAlpha,"{'EWMAlpha(fast=5, slow=20)': 0.380816, 'OrderFlowAlpha(thr=0.1, w=5)': -0.833004}",regular,HIGH_VOL,TRENDING_UP,LOW_VOL,MicroAlphaStrategy
2026-03-17 10:30:10,010140,-0.14221684405326673,-1.4221684405326673,0.13618921348511917,1,True,MicroAlpha,"{'EWMAlpha(fast=5, slow=20)': 0.357945, 'OrderFlowAlpha(thr=0.1, w=5)': -0.835054}",regular,HIGH_VOL,TRENDING_UP,LOW_VOL,MicroAlphaStrategy
2026-03-17 10:30:15,010140,-0.23844023163771996,-2.3844023163771997,0.13951722686447396,1,True,MicroAlpha,"{'EWMAlpha(fast=5, slow=20)': 0.297171, 'OrderFlowAlpha(thr=0.1, w=5)': -0.845477}",regular,HIGH_VOL,TRENDING_UP,LOW_VOL,MicroAlphaStrategy
2026-03-17 10:30:20,010140,-0.32063199814041304,-3.2063199814041305,0.14283033707275475,1,True,MicroAlpha,"{'EWMAlpha(fast=5, slow=20)': 0.28748, 'OrderFlowAlpha(thr=0.1, w=5)': -0.857879}",regular,HIGH_VOL,TRENDING_UP,LOW_VOL,MicroAlphaStrategy
2026-03-17 10:30:25,010140,-0.48134078884945186,-4.813407888494519,0.14636030955975213,1,True,MicroAlpha,"{'EWMAlpha(fast=5, slow=20)': 0.235311, 'OrderFlowAlpha(thr=0.1, w=5)': -0.868197}",regular,HIGH_VOL,TRENDING_UP,LOW_VOL,MicroAlphaStrategy
2026-03-17 10:30:30,010140,-0.4431701145004707,-4.431701145004707,0.14975290553034326,1,True,MicroAlpha,"{'EWMAlpha(fast=5, slow=20)': 0.234183, 'OrderFlowAlpha(thr=0.1, w=5)': -0.87463}",regular,HIGH_VOL,TRENDING_UP,LOW_VOL,MicroAlphaStrategy
2026-03-17 10:30:35,010140,-0.404382356696366,-4.04382356696366,0.15298938043707258,1,True,MicroAlpha,"{'EWMAlpha(fast=5, slow=20)': 0.226309, 'OrderFlowAlpha(thr=0.1, w=5)': -0.872814}",regular,HIGH_VOL,TRENDING_UP,LOW_VOL,MicroAlphaStrategy
2026-03-17 10:30:40,010140,-0.5443956764648074,-5.443956764648074,0.15675857947402322,1,True,MicroAlpha,"{'EWMAlpha(fast=5, slow=20)': 0.01689, 'OrderFlowAlpha(thr=0.1, w=5)': -0.828333}",regular,HIGH_VOL,MEAN_REVERTING,LOW_VOL,MicroAlphaStrategy
2026-03-17 10:30:45,010140,-0.4934380625743042,-4.934380625743042,0.16043683697770753,1,True,MicroAlpha,"{'EWMAlpha(fast=5, slow=20)': -0.112025, 'OrderFlowAlpha(thr=0.1, w=5)': -0.757404}",regular,HIGH_VOL,TRENDING_DOWN,LOW_VOL,MicroAlphaStrategy
2026-03-17 10:30:50,010140,-0.3308592919309286,-3.308592919309286,0.16337556449448543,1,True,MicroAlpha,"{'EWMAlpha(fast=5, slow=20)': 0.094552, 'OrderFlowAlpha(thr=0.1, w=5)': -0.812805}",regular,HIGH_VOL,TRENDING_DOWN,LOW_VOL,MicroAlphaStrategy
2026-03-17 10:30:55,010140,-0.20881134202807297,-2.0881134202807297,0.1656480310065305,1,True,MicroAlpha,"{'EWMAlpha(fast=5, slow=20)': 0.251372, 'OrderFlowAlpha(thr=0.1, w=5)': -0.84765}",regular,HIGH_VOL,TRENDING_DOWN,LOW_VOL,MicroAlphaStrategy
2026-03-17 10:31:00,010140,-0.16942269766105447,-1.6942269766105447,0.16762203850627527,1,True,MicroAlpha,"{'EWMAlpha(fast=5, slow=20)': 0.333058, 'OrderFlowAlpha(thr=0.1, w=5)': -0.877827}",regular,HIGH_VOL,TRENDING_DOWN,LOW_VOL,MicroAlphaStrategy
2026-03-17 10:31:05,010140,-0.19217479388558037,-1.9217479388558036,0.16968970045175955,1,True,MicroAlpha,"{'EWMAlpha(fast=5, slow=20)': 0.37054, 'OrderFlowAlpha(thr=0.1, w=5)': -0.926566}",regular,HIGH_VOL,MEAN_REVERTING,LOW_VOL,MicroAlphaStrategy
2026-03-17 10:31:10,010140,-0.2823794426874123,-2.8237944268741226,0.17216456383839143,1,True,MicroAlpha,"{'EWMAlpha(fast=5, slow=20)': 0.311535, 'OrderFlowAlpha(thr=0.1, w=5)': -0.958063}",regular,HIGH_VOL,MEAN_REVERTING,LOW_VOL,MicroAlphaStrategy
2026-03-17 10:31:15,010140,-0.25301063917516137,-2.530106391751614,0.1745528284013749,1,True,MicroAlpha,"{'EWMAlpha(fast=5, slow=20)': 0.302077, 'OrderFlowAlpha(thr=0.1, w=5)': -0.954727}",regular,HIGH_VOL,TRENDING_UP,LOW_VOL,MicroAlphaStrategy
2026-03-17 10:31:20,010140,-0.2410339565049886,-2.410339565049886,0.17689899543953236,1,True,MicroAlpha,"{'EWMAlpha(fast=5, slow=20)': 0.287262, 'OrderFlowAlpha(thr=0.1, w=5)': -0.953954}",regular,HIGH_VOL,TRENDING_UP,LOW_VOL,MicroAlphaStrategy
2026-03-17 10:31:25,010140,-0.2113798885641317,-2.113798885641317,0.17907016435012174,1,True,MicroAlpha,"{'EWMAlpha(fast=5, slow=20)': 0.306284, 'OrderFlowAlpha(thr=0.1, w=5)': -0.953794}",regular,HIGH_VOL,TRENDING_UP,LOW_VOL,MicroAlphaStrategy
2026-03-17 10:31:30,010140,-0.23446682053511306,-2.3446682053511307,0.1812910998836023,1,True,MicroAlpha,"{'EWMAlpha(fast=5, slow=20)': 0.271877, 'OrderFlowAlpha(thr=0.1, w=5)': -0.953342}",regular,HIGH_VOL,TRENDING_UP,LOW_VOL,MicroAlphaStrategy
2026-03-17 10:31:35,010140,-0.27800552592453864,-2.7800552592453864,0.1836870053534722,1,True,MicroAlpha,"{'EWMAlpha(fast=5, slow=20)': 0.204414, 'OrderFlowAlpha(thr=0.1, w=5)': -0.955073}",regular,HIGH_VOL,TRENDING_UP,LOW_VOL,MicroAlphaStrategy
2026-03-17 10:31:40,010140,-0.3810563180647637,-3.810563180647637,0.1864858444728897,1,True,MicroAlpha,"{'EWMAlpha(fast=5, slow=20)': 0.037358, 'OrderFlowAlpha(thr=0.1, w=5)': -0.948107}",regular,HIGH_VOL,TRENDING_UP,LOW_VOL,MicroAlphaStrategy
2026-03-17 10:31:45,010140,-0.41137662263255076,-4.113766226325508,0.18932458084116563,1,True,MicroAlpha,"{'EWMAlpha(fast=5, slow=20)': -0.026277, 'OrderFlowAlpha(thr=0.1, w=5)': -0.940511}",regular,HIGH_VOL,TRENDING_UP,LOW_VOL,MicroAlphaStrategy
2026-03-17 10:31:50,010140,-0.3969247020639129,-3.969247020639129,0.19203277807169278,1,True,MicroAlpha,"{'EWMAlpha(fast=5, slow=20)': -0.023741, 'OrderFlowAlpha(thr=0.1, w=5)': -0.932862}",regular,HIGH_VOL,TRENDING_UP,LOW_VOL,MicroAlphaStrategy
2026-03-17 10:31:55,010140,-0.41364132087069777,-4.136413208706978,0.19470903815137983,1,True,MicroAlpha,"{'EWMAlpha(fast=5, slow=20)': -0.061501, 'OrderFlowAlpha(thr=0.1, w=5)': -0.923131}",regular,HIGH_VOL,TRENDING_UP,LOW_VOL,MicroAlphaStrategy
2026-03-17 10:32:00,010140,-0.4369202837863186,-4.3692028378631855,0.19738337381208546,1,True,MicroAlpha,"{'EWMAlpha(fast=5, slow=20)': -0.121986, 'OrderFlowAlpha(thr=0.1, w=5)': -0.90681}",regular,HIGH_VOL,TRENDING_UP,LOW_VOL,MicroAlphaStrategy
2026-03-17 10:32:05,010140,-0.4057563257190467,-4.057563257190467,0.19993044050596764,1,True,MicroAlpha,"{'EWMAlpha(fast=5, slow=20)': -0.114875, 'OrderFlowAlpha(thr=0.1, w=5)': -0.8985}",regular,HIGH_VOL,TRENDING_DOWN,LOW_VOL,MicroAlphaStrategy
2026-03-17 10:32:10,010140,-0.3280598159067458,-3.280598159067458,0.20221401692181837,1,True,MicroAlpha,"{'EWMAlpha(fast=5, slow=20)': -0.027082, 'OrderFlowAlpha(thr=0.1, w=5)': -0.906644}",regular,HIGH_VOL,TRENDING_DOWN,LOW_VOL,MicroAlphaStrategy
2026-03-17 10:32:15,010140,-0.199720243268128,-1.99720243268128,0.20408679149228745,1,True,MicroAlpha,"{'EWMAlpha(fast=5, slow=20)': 0.106803, 'OrderFlowAlpha(thr=0.1, w=5)': -0.915911}",regular,HIGH_VOL,TRENDING_DOWN,LOW_VOL,MicroAlphaStrategy
2026-03-17 10:32:20,010140,-0.1654864612473856,-1.6548646124738562,0.20581160148946637,1,True,MicroAlpha,"{'EWMAlpha(fast=5, slow=20)': 0.143659, 'OrderFlowAlpha(thr=0.1, w=5)': -0.921283}",regular,HIGH_VOL,TRENDING_DOWN,LOW_VOL,MicroAlphaStrategy
2026-03-17 10:32:35,010140,0.08635089872677815,0.8635089872677815,0.20799017942842185,1,True,MicroAlpha,"{'EWMAlpha(fast=5, slow=20)': 0.433838, 'OrderFlowAlpha(thr=0.1, w=5)': -0.901671}",regular,HIGH_VOL,TRENDING_UP,LOW_VOL,MicroAlphaStrategy
2026-03-17 10:32:55,010140,0.15460276727907643,1.5460276727907643,0.20805281700431072,1,True,MicroAlpha,"{'EWMAlpha(fast=5, slow=20)': 0.443712, 'OrderFlowAlpha(thr=0.1, w=5)': -0.855282}",regular,HIGH_VOL,TRENDING_UP,LOW_VOL,MicroAlphaStrategy
2026-03-17 10:33:00,010140,0.23884938045164683,2.388493804516468,0.20764568511758447,1,True,MicroAlpha,"{'EWMAlpha(fast=5, slow=20)': 0.469048, 'OrderFlowAlpha(thr=0.1, w=5)': -0.804819}",regular,HIGH_VOL,TRENDING_UP,LOW_VOL,MicroAlphaStrategy
2026-03-17 10:33:05,010140,0.2661128046614351,2.661128046614351,0.20699838999438802,1,True,MicroAlpha,"{'EWMAlpha(fast=5, slow=20)': 0.501783, 'OrderFlowAlpha(thr=0.1, w=5)': -0.791264}",regular,HIGH_VOL,TRENDING_UP,LOW_VOL,MicroAlphaStrategy
2026-03-17 10:33:10,010140,0.2614128624769658,2.6141286247696582,0.206319856987002,1,True,MicroAlpha,"{'EWMAlpha(fast=5, slow=20)': 0.414004, 'OrderFlowAlpha(thr=0.1, w=5)': -0.724839}",regular,HIGH_VOL,TRENDING_UP,LOW_VOL,MicroAlphaStrategy
2026-03-17 10:33:15,010140,0.2947676903184819,2.947676903184819,0.20543602571355768,1,True,MicroAlpha,"{'EWMAlpha(fast=5, slow=20)': 0.344641, 'OrderFlowAlpha(thr=0.1, w=5)': -0.646945}",regular,HIGH_VOL,TRENDING_UP,LOW_VOL,MicroAlphaStrategy
2026-03-17 10:33:20,010140,0.2963151793754132,2.9631517937541316,0.20455478868130467,1,True,MicroAlpha,"{'EWMAlpha(fast=5, slow=20)': 0.290427, 'OrderFlowAlpha(thr=0.1, w=5)': -0.606403}",regular,HIGH_VOL,TRENDING_UP,LOW_VOL,MicroAlphaStrategy
2026-03-17 10:33:25,010140,0.29067100284160297,2.90671002841603,0.20366264480799132,1,True,MicroAlpha,"{'EWMAlpha(fast=5, slow=20)': 0.171763, 'OrderFlowAlpha(thr=0.1, w=5)': -0.521071}",regular,HIGH_VOL,TRENDING_UP,LOW_VOL,MicroAlphaStrategy
2026-03-17 10:33:30,010140,0.36224230668455465,3.6224230668455464,0.20097441973775645,1,True,MicroAlpha,"{'EWMAlpha(fast=5, slow=20)': 0.131333, 'OrderFlowAlpha(thr=0.1, w=5)': -0.418629}",regular,HIGH_VOL,TRENDING_UP,LOW_VOL,MicroAlphaStrategy
2026-03-17 10:33:35,010140,0.30395077990761193,3.0395077990761195,0.19982587390105216,1,True,MicroAlpha,"{'EWMAlpha(fast=5, slow=20)': 0.062995, 'OrderFlowAlpha(thr=0.1, w=5)': -0.399063}",regular,HIGH_VOL,TRENDING_UP,LOW_VOL,MicroAlphaStrategy
2026-03-17 10:33:40,010140,0.25356707866063993,2.535670786606399,0.19892283104607042,1,True,MicroAlpha,"{'EWMAlpha(fast=5, slow=20)': -0.020441, 'OrderFlowAlpha(thr=0.1, w=5)': -0.37217}",regular,HIGH_VOL,TRENDING_UP,LOW_VOL,MicroAlphaStrategy
2026-03-17 10:33:45,010140,0.22624856471834234,2.2624856471834236,0.19820432431361976,1,True,MicroAlpha,"{'EWMAlpha(fast=5, slow=20)': -0.070084, 'OrderFlowAlpha(thr=0.1, w=5)': -0.361624}",regular,HIGH_VOL,TRENDING_UP,LOW_VOL,MicroAlphaStrategy
2026-03-17 10:33:50,010140,0.13354798439556154,1.3354798439556155,0.19803332081336952,1,True,MicroAlpha,"{'EWMAlpha(fast=5, slow=20)': -0.05802, 'OrderFlowAlpha(thr=0.1, w=5)': -0.453482}",regular,HIGH_VOL,TRENDING_UP,LOW_VOL,MicroAlphaStrategy
2026-03-17 10:33:55,010140,0.06544329618436734,0.6544329618436734,0.19817212648753305,1,True,MicroAlpha,"{'EWMAlpha(fast=5, slow=20)': -0.048895, 'OrderFlowAlpha(thr=0.1, w=5)': -0.513227}",regular,HIGH_VOL,TRENDING_DOWN,LOW_VOL,MicroAlphaStrategy
2026-03-17 10:34:05,010140,-0.05094215154619546,-0.5094215154619546,0.19926213193912992,1,True,MicroAlpha,"{'EWMAlpha(fast=5, slow=20)': -0.076034, 'OrderFlowAlpha(thr=0.1, w=5)': -0.601881}",regular,HIGH_VOL,TRENDING_DOWN,LOW_VOL,MicroAlphaStrategy
2026-03-17 10:34:10,010140,-0.06988988061394234,-0.6988988061394235,0.19999453579522614,1,True,MicroAlpha,"{'EWMAlpha(fast=5, slow=20)': -0.054496, 'OrderFlowAlpha(thr=0.1, w=5)': -0.637043}",regular,HIGH_VOL,TRENDING_DOWN,LOW_VOL,MicroAlphaStrategy
2026-03-17 10:34:25,010140,0.06456070600125456,0.6456070600125456,0.21876049944140488,1,True,MicroAlpha,"{'EWMAlpha(fast=5, slow=20)': 0.12602, 'OrderFlowAlpha(thr=0.1, w=5)': -0.642731}",regular,HIGH_VOL,TRENDING_DOWN,LOW_VOL,MicroAlphaStrategy
2026-03-17 10:35:20,010140,0.0749385489257193,0.749385489257193,0.24313019344508924,1,True,MicroAlpha,"{'EWMAlpha(fast=5, slow=20)': -0.193368, 'OrderFlowAlpha(thr=0.1, w=5)': -0.437971}",regular,HIGH_VOL,TRENDING_DOWN,LOW_VOL,MicroAlphaStrategy
2026-03-17 10:35:25,010140,0.1424294464382651,1.4242944643826512,0.24328470074319128,1,True,MicroAlpha,"{'EWMAlpha(fast=5, slow=20)': -0.154321, 'OrderFlowAlpha(thr=0.1, w=5)': -0.425404}",regular,HIGH_VOL,TRENDING_DOWN,LOW_VOL,MicroAlphaStrategy
2026-03-17 10:35:30,010140,0.07945493639013183,0.7945493639013184,0.24355529433935372,1,True,MicroAlpha,"{'EWMAlpha(fast=5, slow=20)': -0.086158, 'OrderFlowAlpha(thr=0.1, w=5)': -0.507967}",regular,HIGH_VOL,TRENDING_DOWN,LOW_VOL,MicroAlphaStrategy
2026-03-17 10:35:45,010140,-0.09706039770638582,-0.9706039770638581,0.24484792497550734,1,True,MicroAlpha,"{'EWMAlpha(fast=5, slow=20)': -0.036257, 'OrderFlowAlpha(thr=0.1, w=5)': -0.653417}",regular,HIGH_VOL,TRENDING_DOWN,LOW_VOL,MicroAlphaStrategy
2026-03-17 10:38:15,010140,-0.17372044539983245,-1.7372044539983245,0.24523645545926365,1,True,MicroAlpha,"{'EWMAlpha(fast=5, slow=20)': -0.127938, 'OrderFlowAlpha(thr=0.1, w=5)': -0.634477}",regular,HIGH_VOL,TRENDING_DOWN,LOW_VOL,MicroAlphaStrategy
2026-03-17 10:43:25,010140,-0.07844181685391312,-0.7844181685391312,0.24524276575238438,1,True,MicroAlpha,"{'EWMAlpha(fast=5, slow=20)': -0.178404, 'OrderFlowAlpha(thr=0.1, w=5)': -0.548408}",regular,HIGH_VOL,TRENDING_DOWN,LOW_VOL,MicroAlphaStrategy
2026-03-17 11:23:30,010140,-0.22939792383669363,-2.293979238366936,0.24542516592305852,1,True,MicroAlpha,"{'EWMAlpha(fast=5, slow=20)': -0.241018, 'OrderFlowAlpha(thr=0.1, w=5)': -0.590107}",regular,HIGH_VOL,TRENDING_DOWN,LOW_VOL,MicroAlphaStrategy
2026-03-17 11:23:35,010140,-0.33946542524323814,-3.3946542524323813,0.2458097164953687,1,True,MicroAlpha,"{'EWMAlpha(fast=5, slow=20)': -0.270721, 'OrderFlowAlpha(thr=0.1, w=5)': -0.632016}",regular,HIGH_VOL,TRENDING_DOWN,LOW_VOL,MicroAlphaStrategy
2026-03-17 11:23:40,010140,-0.46213210271529465,-4.621321027152947,0.24638843341285427,1,True,MicroAlpha,"{'EWMAlpha(fast=5, slow=20)': -0.280341, 'OrderFlowAlpha(thr=0.1, w=5)': -0.699463}",regular,HIGH_VOL,TRENDING_DOWN,LOW_VOL,MicroAlphaStrategy
2026-03-17 11:23:45,010140,-0.6086002168949213,-6.0860021689492125,0.24672244613438551,1,True,MicroAlpha,"{'EWMAlpha(fast=5, slow=20)': -0.277733, 'OrderFlowAlpha(thr=0.1, w=5)': -0.784295}",regular,HIGH_VOL,TRENDING_DOWN,LOW_VOL,MicroAlphaStrategy
2026-03-17 11:23:50,010140,-0.7046066232245983,-7.046066232245983,0.24457197146276013,1,True,MicroAlpha,"{'EWMAlpha(fast=5, slow=20)': -0.267799, 'OrderFlowAlpha(thr=0.1, w=5)': -0.845383}",regular,HIGH_VOL,TRENDING_DOWN,LOW_VOL,MicroAlphaStrategy
2026-03-17 11:23:55,010140,-0.655109352593848,-6.551093525938479,0.24343227973284395,1,True,MicroAlpha,"{'EWMAlpha(fast=5, slow=20)': -0.253663, 'OrderFlowAlpha(thr=0.1, w=5)': -0.844885}",regular,HIGH_VOL,TRENDING_DOWN,LOW_VOL,MicroAlphaStrategy
2026-03-17 11:24:25,010140,-0.6031999483700864,-6.031999483700864,0.24292586450537654,1,True,MicroAlpha,"{'EWMAlpha(fast=5, slow=20)': -0.274833, 'OrderFlowAlpha(thr=0.1, w=5)': -0.831253}",regular,HIGH_VOL,TRENDING_DOWN,LOW_VOL,MicroAlphaStrategy
2026-03-17 11:24:30,010140,-0.5055441582637145,-5.055441582637145,0.24412970562291758,1,True,MicroAlpha,"{'EWMAlpha(fast=5, slow=20)': -0.241872, 'OrderFlowAlpha(thr=0.1, w=5)': -0.83839}",regular,HIGH_VOL,TRENDING_DOWN,LOW_VOL,MicroAlphaStrategy
2026-03-17 11:41:45,010140,-0.46536308468302967,-4.653630846830296,0.24519669217614945,1,True,MicroAlpha,"{'EWMAlpha(fast=5, slow=20)': -0.214256, 'OrderFlowAlpha(thr=0.1, w=5)': -0.835899}",regular,HIGH_VOL,TRENDING_DOWN,LOW_VOL,MicroAlphaStrategy
2026-03-17 11:42:15,010140,-0.43507442483635356,-4.350744248363536,0.24589931550721394,1,True,MicroAlpha,"{'EWMAlpha(fast=5, slow=20)': -0.229159, 'OrderFlowAlpha(thr=0.1, w=5)': -0.815724}",regular,HIGH_VOL,TRENDING_DOWN,LOW_VOL,MicroAlphaStrategy
2026-03-17 11:42:20,010140,-0.37460006906851584,-3.7460006906851584,0.24656141508233345,1,True,MicroAlpha,"{'EWMAlpha(fast=5, slow=20)': -0.231125, 'OrderFlowAlpha(thr=0.1, w=5)': -0.794437}",regular,HIGH_VOL,TRENDING_DOWN,LOW_VOL,MicroAlphaStrategy
2026-03-17 11:52:10,010140,-0.30207992237743425,-3.0207992237743424,0.24712877259190866,1,True,MicroAlpha,"{'EWMAlpha(fast=5, slow=20)': -0.244232, 'OrderFlowAlpha(thr=0.1, w=5)': -0.759326}",regular,HIGH_VOL,TRENDING_DOWN,LOW_VOL,MicroAlphaStrategy
2026-03-17 11:52:15,010140,-0.22235490045771644,-2.2235490045771646,0.2475222575053961,1,True,MicroAlpha,"{'EWMAlpha(fast=5, slow=20)': -0.225714, 'OrderFlowAlpha(thr=0.1, w=5)': -0.693033}",regular,HIGH_VOL,TRENDING_DOWN,LOW_VOL,MicroAlphaStrategy
2026-03-17 11:52:20,010140,-0.14748135918773603,-1.4748135918773602,0.24751120073699429,1,True,MicroAlpha,"{'EWMAlpha(fast=5, slow=20)': -0.207508, 'OrderFlowAlpha(thr=0.1, w=5)': -0.631317}",regular,HIGH_VOL,TRENDING_DOWN,LOW_VOL,MicroAlphaStrategy
2026-03-17 11:52:25,010140,-0.09838720081264513,-0.9838720081264513,0.24706799400659413,1,True,MicroAlpha,"{'EWMAlpha(fast=5, slow=20)': -0.190028, 'OrderFlowAlpha(thr=0.1, w=5)': -0.594545}",regular,HIGH_VOL,TRENDING_DOWN,LOW_VOL,MicroAlphaStrategy
2026-03-17 11:52:30,010140,-0.054942215534352995,-0.5494221553435299,0.24602647997932114,1,True,MicroAlpha,"{'EWMAlpha(fast=5, slow=20)': -0.173515, 'OrderFlowAlpha(thr=0.1, w=5)': -0.556077}",regular,HIGH_VOL,TRENDING_DOWN,LOW_VOL,MicroAlphaStrategy
2026-03-17 11:52:35,010140,-0.056763080147166745,-0.5676308014716674,0.24492196445891207,1,True,MicroAlpha,"{'EWMAlpha(fast=5, slow=20)': -0.158091, 'OrderFlowAlpha(thr=0.1, w=5)': -0.56601}",regular,HIGH_VOL,TRENDING_DOWN,LOW_VOL,MicroAlphaStrategy
2026-03-17 11:53:10,010140,0.13367720417621254,1.3367720417621254,0.2362972844538931,1,True,MicroAlpha,"{'EWMAlpha(fast=5, slow=20)': -0.14245, 'OrderFlowAlpha(thr=0.1, w=5)': -0.455783}",regular,HIGH_VOL,TRENDING_DOWN,LOW_VOL,MicroAlphaStrategy
2026-03-17 11:56:05,010140,0.27264122043905786,2.7264122043905785,0.2349834875427761,1,True,MicroAlpha,"{'EWMAlpha(fast=5, slow=20)': -0.146645, 'OrderFlowAlpha(thr=0.1, w=5)': -0.402066}",regular,HIGH_VOL,TRENDING_DOWN,LOW_VOL,MicroAlphaStrategy
2026-03-17 11:56:10,010140,0.41437910272364636,4.143791027236464,0.2334775040102596,1,True,MicroAlpha,"{'EWMAlpha(fast=5, slow=20)': -0.144593, 'OrderFlowAlpha(thr=0.1, w=5)': -0.34337}",regular,HIGH_VOL,TRENDING_DOWN,LOW_VOL,MicroAlphaStrategy
2026-03-17 11:56:15,010140,1.0,10.0,0.22684668217687137,1,True,MicroAlpha,"{'EWMAlpha(fast=5, slow=20)': -0.138832, 'OrderFlowAlpha(thr=0.1, w=5)': 0.0}",regular,HIGH_VOL,TRENDING_DOWN,LOW_VOL,MicroAlphaStrategy
2026-03-17 11:58:25,010140,1.0,10.0,0.2213188007396591,1,True,MicroAlpha,"{'EWMAlpha(fast=5, slow=20)': -0.170369, 'OrderFlowAlpha(thr=0.1, w=5)': 0.0}",regular,HIGH_VOL,TRENDING_DOWN,LOW_VOL,MicroAlphaStrategy
2026-03-17 12:04:10,010140,1.0,10.0,0.21609697375463635,1,True,MicroAlpha,"{'EWMAlpha(fast=5, slow=20)': -0.105118, 'OrderFlowAlpha(thr=0.1, w=5)': 0.0}",regular,HIGH_VOL,TRENDING_DOWN,LOW_VOL,MicroAlphaStrategy
2026-03-17 12:08:10,010140,0.5023852235553309,5.023852235553309,0.21550200994052326,1,True,MicroAlpha,"{'EWMAlpha(fast=5, slow=20)': -0.101952, 'OrderFlowAlpha(thr=0.1, w=5)': -0.311169}",regular,HIGH_VOL,TRENDING_DOWN,LOW_VOL,MicroAlphaStrategy
2026-03-17 12:18:50,010140,0.3739845949629552,3.739845949629552,0.21540464967818393,1,True,MicroAlpha,"{'EWMAlpha(fast=5, slow=20)': -0.096828, 'OrderFlowAlpha(thr=0.1, w=5)': -0.371092}",regular,HIGH_VOL,TRENDING_DOWN,LOW_VOL,MicroAlphaStrategy
2026-03-17 12:19:10,010140,0.11538638087646254,1.1538638087646254,0.21634101272126252,1,True,MicroAlpha,"{'EWMAlpha(fast=5, slow=20)': -0.050597, 'OrderFlowAlpha(thr=0.1, w=5)': -0.518514}",regular,HIGH_VOL,TRENDING_DOWN,LOW_VOL,MicroAlphaStrategy
2026-03-17 12:22:05,010140,-0.2259574955147681,-2.259574955147681,0.21818333806076493,1,True,MicroAlpha,"{'EWMAlpha(fast=5, slow=20)': -0.061198, 'OrderFlowAlpha(thr=0.1, w=5)': -0.67321}",regular,HIGH_VOL,TRENDING_DOWN,LOW_VOL,MicroAlphaStrategy
2026-03-17 13:55:45,010140,-0.263289933906459,-2.63289933906459,0.2201836200720599,1,True,MicroAlpha,"{'EWMAlpha(fast=5, slow=20)': -0.065652, 'OrderFlowAlpha(thr=0.1, w=5)': -0.690226}",regular,HIGH_VOL,TRENDING_DOWN,LOW_VOL,MicroAlphaStrategy
2026-03-17 13:56:15,010140,-0.31617551575834857,-3.1617551575834857,0.22425389725476352,1,True,MicroAlpha,"{'EWMAlpha(fast=5, slow=20)': -0.066262, 'OrderFlowAlpha(thr=0.1, w=5)': -0.718021}",regular,HIGH_VOL,TRENDING_DOWN,LOW_VOL,MicroAlphaStrategy
2026-03-17 13:56:20,010140,-0.3445766499861879,-3.4457664998618793,0.22701405266637295,1,True,MicroAlpha,"{'EWMAlpha(fast=5, slow=20)': -0.064534, 'OrderFlowAlpha(thr=0.1, w=5)': -0.755409}",regular,HIGH_VOL,TRENDING_DOWN,LOW_VOL,MicroAlphaStrategy
2026-03-17 13:56:25,010140,-0.27953683339780944,-2.7953683339780944,0.2295115933762103,1,True,MicroAlpha,"{'EWMAlpha(fast=5, slow=20)': -0.061449, 'OrderFlowAlpha(thr=0.1, w=5)': -0.743251}",regular,HIGH_VOL,TRENDING_DOWN,LOW_VOL,MicroAlphaStrategy
2026-03-17 13:56:30,010140,-0.2974187121791642,-2.9741871217916422,0.23192874688074977,1,True,MicroAlpha,"{'EWMAlpha(fast=5, slow=20)': -0.057643, 'OrderFlowAlpha(thr=0.1, w=5)': -0.766108}",regular,HIGH_VOL,MEAN_REVERTING,LOW_VOL,MicroAlphaStrategy
2026-03-17 13:56:35,010140,-0.3057235297838096,-3.0572352978380963,0.2337505574984589,1,True,MicroAlpha,"{'EWMAlpha(fast=5, slow=20)': -0.05352, 'OrderFlowAlpha(thr=0.1, w=5)': -0.783935}",regular,HIGH_VOL,MEAN_REVERTING,LOW_VOL,MicroAlphaStrategy
2026-03-17 13:56:40,010140,-0.290427828281346,-2.90427828281346,0.23521900474501137,1,True,MicroAlpha,"{'EWMAlpha(fast=5, slow=20)': -0.049337, 'OrderFlowAlpha(thr=0.1, w=5)': -0.792804}",regular,HIGH_VOL,MEAN_REVERTING,LOW_VOL,MicroAlphaStrategy
2026-03-17 13:56:45,010140,-0.266725041388425,-2.66725041388425,0.23631818041967373,1,True,MicroAlpha,"{'EWMAlpha(fast=5, slow=20)': -0.045249, 'OrderFlowAlpha(thr=0.1, w=5)': -0.796456}",regular,HIGH_VOL,MEAN_REVERTING,LOW_VOL,MicroAlphaStrategy
2026-03-17 13:56:50,010140,-0.250898027239343,-2.5089802723934302,0.23712081100859053,1,True,MicroAlpha,"{'EWMAlpha(fast=5, slow=20)': -0.041348, 'OrderFlowAlpha(thr=0.1, w=5)': -0.79721}",regular,HIGH_VOL,MEAN_REVERTING,LOW_VOL,MicroAlphaStrategy
2026-03-17 13:56:55,010140,-0.2400477921530716,-2.400477921530716,0.23780456767555028,1,True,MicroAlpha,"{'EWMAlpha(fast=5, slow=20)': -0.037683, 'OrderFlowAlpha(thr=0.1, w=5)': -0.797875}",regular,HIGH_VOL,MEAN_REVERTING,LOW_VOL,MicroAlphaStrategy
2026-03-17 13:57:00,010140,-0.21856935567346317,-2.185693556734632,0.2388799944786656,1,True,MicroAlpha,"{'EWMAlpha(fast=5, slow=20)': -0.034277, 'OrderFlowAlpha(thr=0.1, w=5)': -0.797709}",regular,HIGH_VOL,MEAN_REVERTING,LOW_VOL,MicroAlphaStrategy
2026-03-17 13:57:05,010140,-0.2086608190155438,-2.086608190155438,0.24012391783268372,1,True,MicroAlpha,"{'EWMAlpha(fast=5, slow=20)': -0.031135, 'OrderFlowAlpha(thr=0.1, w=5)': -0.798318}",regular,HIGH_VOL,MEAN_REVERTING,LOW_VOL,MicroAlphaStrategy
2026-03-17 13:57:10,010140,-0.14625797845292307,-1.4625797845292308,0.24135371378885964,1,True,MicroAlpha,"{'EWMAlpha(fast=5, slow=20)': -0.068472, 'OrderFlowAlpha(thr=0.1, w=5)': -0.727764}",regular,HIGH_VOL,MEAN_REVERTING,LOW_VOL,MicroAlphaStrategy
2026-03-17 13:57:15,010140,-0.15230986784740086,-1.5230986784740086,0.2424973284255604,1,True,MicroAlpha,"{'EWMAlpha(fast=5, slow=20)': -0.048625, 'OrderFlowAlpha(thr=0.1, w=5)': -0.746852}",regular,HIGH_VOL,MEAN_REVERTING,LOW_VOL,MicroAlphaStrategy
2026-03-17 13:57:20,010140,-0.13637991070506614,-1.3637991070506614,0.2437014314000577,1,True,MicroAlpha,"{'EWMAlpha(fast=5, slow=20)': -0.03509, 'OrderFlowAlpha(thr=0.1, w=5)': -0.764905}",regular,HIGH_VOL,TRENDING_DOWN,LOW_VOL,MicroAlphaStrategy
2026-03-17 13:57:25,010140,-0.06900650226269485,-0.6900650226269485,0.24480110971036909,1,True,MicroAlpha,"{'EWMAlpha(fast=5, slow=20)': -0.066044, 'OrderFlowAlpha(thr=0.1, w=5)': -0.71945}",regular,HIGH_VOL,TRENDING_DOWN,LOW_VOL,MicroAlphaStrategy
2026-03-17 13:57:35,010140,-0.06345766103361418,-0.6345766103361418,0.24661966962424256,1,True,MicroAlpha,"{'EWMAlpha(fast=5, slow=20)': -0.089935, 'OrderFlowAlpha(thr=0.1, w=5)': -0.703788}",regular,HIGH_VOL,TRENDING_DOWN,LOW_VOL,MicroAlphaStrategy
2026-03-17 13:57:40,010140,0.052869567209770325,0.5286956720977033,0.24719982535666377,1,True,MicroAlpha,"{'EWMAlpha(fast=5, slow=20)': -0.091533, 'OrderFlowAlpha(thr=0.1, w=5)': -0.625679}",regular,HIGH_VOL,TRENDING_DOWN,LOW_VOL,MicroAlphaStrategy
2026-03-17 14:00:10,010140,0.20164538363372878,2.0164538363372877,0.24702193801213884,1,True,MicroAlpha,"{'EWMAlpha(fast=5, slow=20)': -0.08961, 'OrderFlowAlpha(thr=0.1, w=5)': -0.526796}",regular,HIGH_VOL,TRENDING_DOWN,LOW_VOL,MicroAlphaStrategy
2026-03-17 14:00:15,010140,0.203679671337592,2.03679671337592,0.24694716658624472,1,True,MicroAlpha,"{'EWMAlpha(fast=5, slow=20)': -0.085621, 'OrderFlowAlpha(thr=0.1, w=5)': -0.527496}",regular,HIGH_VOL,TRENDING_DOWN,LOW_VOL,MicroAlphaStrategy
2026-03-17 14:00:20,010140,0.21058327755881975,2.1058327755881976,0.24686481328394758,1,True,MicroAlpha,"{'EWMAlpha(fast=5, slow=20)': -0.08051, 'OrderFlowAlpha(thr=0.1, w=5)': -0.525985}",regular,HIGH_VOL,TRENDING_DOWN,LOW_VOL,MicroAlphaStrategy
2026-03-17 14:00:25,010140,0.22218181953593671,2.221818195359367,0.24673561651011008,1,True,MicroAlpha,"{'EWMAlpha(fast=5, slow=20)': -0.074879, 'OrderFlowAlpha(thr=0.1, w=5)': -0.521427}",regular,HIGH_VOL,TRENDING_DOWN,LOW_VOL,MicroAlphaStrategy
2026-03-17 14:00:30,010140,0.23289253887042957,2.3289253887042958,0.24671548775658622,1,True,MicroAlpha,"{'EWMAlpha(fast=5, slow=20)': -0.069112, 'OrderFlowAlpha(thr=0.1, w=5)': -0.518042}",regular,HIGH_VOL,TRENDING_DOWN,LOW_VOL,MicroAlphaStrategy
2026-03-17 14:00:35,010140,0.3046298605145152,3.046298605145152,0.2466167325814228,1,True,MicroAlpha,"{'EWMAlpha(fast=5, slow=20)': -0.063444, 'OrderFlowAlpha(thr=0.1, w=5)': -0.473395}",regular,HIGH_VOL,TRENDING_DOWN,LOW_VOL,MicroAlphaStrategy
2026-03-17 14:00:40,010140,0.3856524697471189,3.856524697471189,0.24578895043771024,1,True,MicroAlpha,"{'EWMAlpha(fast=5, slow=20)': -0.058014, 'OrderFlowAlpha(thr=0.1, w=5)': -0.422322}",regular,HIGH_VOL,TRENDING_DOWN,LOW_VOL,MicroAlphaStrategy
2026-03-17 14:00:45,010140,0.44836940877308123,4.483694087730813,0.2442280663699561,1,True,MicroAlpha,"{'EWMAlpha(fast=5, slow=20)': -0.052899, 'OrderFlowAlpha(thr=0.1, w=5)': -0.371568}",regular,HIGH_VOL,TRENDING_DOWN,LOW_VOL,MicroAlphaStrategy
2026-03-17 14:01:00,010140,0.9336601770635101,9.3366017706351,0.23729328986006876,1,True,MicroAlpha,"{'EWMAlpha(fast=5, slow=20)': -0.088327, 'OrderFlowAlpha(thr=0.1, w=5)': 0.0}",regular,HIGH_VOL,TRENDING_DOWN,LOW_VOL,MicroAlphaStrategy
2026-03-17 14:01:40,010140,0.8944631207732275,8.944631207732275,0.23073158088555112,1,True,MicroAlpha,"{'EWMAlpha(fast=5, slow=20)': -0.106829, 'OrderFlowAlpha(thr=0.1, w=5)': 0.0}",regular,HIGH_VOL,TRENDING_DOWN,LOW_VOL,MicroAlphaStrategy
2026-03-17 14:12:35,010140,0.8943674218118565,8.943674218118565,0.22409727860651033,1,True,MicroAlpha,"{'EWMAlpha(fast=5, slow=20)': -0.07457, 'OrderFlowAlpha(thr=0.1, w=5)': 0.0}",regular,HIGH_VOL,TRENDING_DOWN,LOW_VOL,MicroAlphaStrategy
2026-03-17 14:26:15,010140,0.8841756103234166,8.841756103234166,0.21791661749187818,1,True,MicroAlpha,"{'EWMAlpha(fast=5, slow=20)': -0.052667, 'OrderFlowAlpha(thr=0.1, w=5)': 0.0}",regular,HIGH_VOL,TRENDING_DOWN,LOW_VOL,MicroAlphaStrategy
2026-03-17 14:28:40,010140,0.8613179221951913,8.613179221951913,0.21156311044530296,1,True,MicroAlpha,"{'EWMAlpha(fast=5, slow=20)': -0.037758, 'OrderFlowAlpha(thr=0.1, w=5)': 0.0}",regular,HIGH_VOL,TRENDING_DOWN,LOW_VOL,MicroAlphaStrategy
2026-03-17 14:34:15,010140,0.4805600161419374,4.805600161419374,0.20776598730621068,1,True,MicroAlpha,"{'EWMAlpha(fast=5, slow=20)': 0.012817, 'OrderFlowAlpha(thr=0.1, w=5)': -0.308305}",regular,HIGH_VOL,TRENDING_DOWN,LOW_VOL,MicroAlphaStrategy
2026-03-17 14:34:20,010140,0.25898708634949147,2.5898708634949146,0.20560583311097927,1,True,MicroAlpha,"{'EWMAlpha(fast=5, slow=20)': 0.042892, 'OrderFlowAlpha(thr=0.1, w=5)': -0.468919}",regular,HIGH_VOL,MEAN_REVERTING,LOW_VOL,MicroAlphaStrategy
2026-03-17 14:34:25,010140,0.15680387548157296,1.5680387548157295,0.20383559613622113,1,True,MicroAlpha,"{'EWMAlpha(fast=5, slow=20)': 0.059635, 'OrderFlowAlpha(thr=0.1, w=5)': -0.571885}",regular,HIGH_VOL,MEAN_REVERTING,LOW_VOL,MicroAlphaStrategy
2026-03-17 14:34:30,010140,0.06513667035790686,0.6513667035790687,0.203703688304527,1,True,MicroAlpha,"{'EWMAlpha(fast=5, slow=20)': 0.067827, 'OrderFlowAlpha(thr=0.1, w=5)': -0.654513}",regular,HIGH_VOL,MEAN_REVERTING,LOW_VOL,MicroAlphaStrategy
2026-03-17 14:35:05,010140,-0.05811683794829423,-0.5811683794829423,0.2009526508354304,1,True,MicroAlpha,"{'EWMAlpha(fast=5, slow=20)': 0.050703, 'OrderFlowAlpha(thr=0.1, w=5)': -0.743325}",regular,HIGH_VOL,TRENDING_UP,LOW_VOL,MicroAlphaStrategy
2026-03-17 14:35:10,010140,-0.06525410174081588,-0.6525410174081587,0.20049790384200056,1,True,MicroAlpha,"{'EWMAlpha(fast=5, slow=20)': 0.046421, 'OrderFlowAlpha(thr=0.1, w=5)': -0.745661}",regular,HIGH_VOL,TRENDING_UP,LOW_VOL,MicroAlphaStrategy
2026-03-17 14:35:55,010140,-0.0632049934289043,-0.632049934289043,0.20083206770304685,1,True,MicroAlpha,"{'EWMAlpha(fast=5, slow=20)': 0.019443, 'OrderFlowAlpha(thr=0.1, w=5)': -0.735569}",regular,HIGH_VOL,MEAN_REVERTING,LOW_VOL,MicroAlphaStrategy
2026-03-17 14:36:00,010140,-0.08599190545190842,-0.8599190545190842,0.20148581898732348,1,True,MicroAlpha,"{'EWMAlpha(fast=5, slow=20)': 0.057856, 'OrderFlowAlpha(thr=0.1, w=5)': -0.778983}",regular,HIGH_VOL,MEAN_REVERTING,LOW_VOL,MicroAlphaStrategy
2026-03-17 14:36:05,010140,-0.09590958739897411,-0.959095873989741,0.28920216210832345,1,True,MicroAlpha,"{'EWMAlpha(fast=5, slow=20)': 0.079113, 'OrderFlowAlpha(thr=0.1, w=5)': -0.803806}",regular,LOW_VOL,MEAN_REVERTING,LOW_VOL,MicroAlphaStrategy
2026-03-17 14:36:10,010140,-0.11817732551982661,-1.181773255198266,0.291095713176532,1,True,MicroAlpha,"{'EWMAlpha(fast=5, slow=20)': 0.089398, 'OrderFlowAlpha(thr=0.1, w=5)': -0.826164}",regular,LOW_VOL,TRENDING_UP,LOW_VOL,MicroAlphaStrategy
2026-03-17 14:36:15,010140,-0.15109163338060413,-1.5109163338060414,0.29365780346313763,1,True,MicroAlpha,"{'EWMAlpha(fast=5, slow=20)': 0.092767, 'OrderFlowAlpha(thr=0.1, w=5)': -0.845435}",regular,LOW_VOL,TRENDING_UP,LOW_VOL,MicroAlphaStrategy
2026-03-17 14:36:20,010140,-0.15738276882733906,-1.5738276882733906,0.3017309487445163,1,True,MicroAlpha,"{'EWMAlpha(fast=5, slow=20)': 0.091866, 'OrderFlowAlpha(thr=0.1, w=5)': -0.8439}",regular,LOW_VOL,TRENDING_UP,LOW_VOL,MicroAlphaStrategy
2026-03-17 14:36:25,010140,-0.12058445359593804,-1.2058445359593803,0.3097347047063359,1,True,MicroAlpha,"{'EWMAlpha(fast=5, slow=20)': 0.088419, 'OrderFlowAlpha(thr=0.1, w=5)': -0.820682}",regular,LOW_VOL,TRENDING_UP,LOW_VOL,MicroAlphaStrategy
2026-03-17 14:36:30,010140,-0.07120244213571134,-0.7120244213571134,0.31871261703262166,1,True,MicroAlpha,"{'EWMAlpha(fast=5, slow=20)': 0.083542, 'OrderFlowAlpha(thr=0.1, w=5)': -0.793029}",regular,LOW_VOL,TRENDING_UP,LOW_VOL,MicroAlphaStrategy
2026-03-17 14:36:35,010140,-0.0633884964088316,-0.633884964088316,0.3219793356485662,1,True,MicroAlpha,"{'EWMAlpha(fast=5, slow=20)': 0.077956, 'OrderFlowAlpha(thr=0.1, w=5)': -0.78729}",regular,LOW_VOL,TRENDING_UP,LOW_VOL,MicroAlphaStrategy
2026-03-17 14:36:40,010140,-0.05860031752022695,-0.5860031752022695,0.3246185277853608,1,True,MicroAlpha,"{'EWMAlpha(fast=5, slow=20)': 0.072116, 'OrderFlowAlpha(thr=0.1, w=5)': -0.783262}",regular,LOW_VOL,TRENDING_UP,LOW_VOL,MicroAlphaStrategy
2026-03-17 14:36:45,010140,-0.11397182513929625,-1.1397182513929625,0.3262278181503636,1,True,MicroAlpha,"{'EWMAlpha(fast=5, slow=20)': 0.066307, 'OrderFlowAlpha(thr=0.1, w=5)': -0.806444}",regular,LOW_VOL,TRENDING_UP,LOW_VOL,MicroAlphaStrategy
2026-03-17 14:36:50,010140,-0.16284649434332418,-1.6284649434332419,0.3266772304985454,1,True,MicroAlpha,"{'EWMAlpha(fast=5, slow=20)': 0.0607, 'OrderFlowAlpha(thr=0.1, w=5)': -0.82816}",regular,LOW_VOL,TRENDING_UP,LOW_VOL,MicroAlphaStrategy
2026-03-17 14:36:55,010140,-0.2039480564952624,-2.039480564952624,0.3271252012105556,1,True,MicroAlpha,"{'EWMAlpha(fast=5, slow=20)': 0.055392, 'OrderFlowAlpha(thr=0.1, w=5)': -0.848964}",regular,LOW_VOL,TRENDING_UP,LOW_VOL,MicroAlphaStrategy
2026-03-17 14:37:00,010140,-0.20692980063418345,-2.0692980063418345,0.32742437268887786,1,True,MicroAlpha,"{'EWMAlpha(fast=5, slow=20)': 0.050433, 'OrderFlowAlpha(thr=0.1, w=5)': -0.850442}",regular,LOW_VOL,TRENDING_UP,LOW_VOL,MicroAlphaStrategy
2026-03-17 14:37:05,010140,-0.21593780514694064,-2.1593780514694063,0.32754338001422434,1,True,MicroAlpha,"{'EWMAlpha(fast=5, slow=20)': 0.045841, 'OrderFlowAlpha(thr=0.1, w=5)': -0.852151}",regular,LOW_VOL,TRENDING_UP,LOW_VOL,MicroAlphaStrategy
2026-03-17 14:37:10,010140,-0.2237541082369797,-2.237541082369797,0.3277606509217587,1,True,MicroAlpha,"{'EWMAlpha(fast=5, slow=20)': 0.041617, 'OrderFlowAlpha(thr=0.1, w=5)': -0.853474}",regular,LOW_VOL,TRENDING_UP,LOW_VOL,MicroAlphaStrategy
2026-03-17 14:37:15,010140,-0.22470270401440748,-2.247027040144075,0.3278705669238713,1,True,MicroAlpha,"{'EWMAlpha(fast=5, slow=20)': -0.002503, 'OrderFlowAlpha(thr=0.1, w=5)': -0.824563}",regular,LOW_VOL,TRENDING_UP,LOW_VOL,MicroAlphaStrategy
2026-03-17 14:37:20,010140,-0.18992045646754374,-1.8992045646754374,0.3278104208746309,1,True,MicroAlpha,"{'EWMAlpha(fast=5, slow=20)': -0.029048, 'OrderFlowAlpha(thr=0.1, w=5)': -0.788448}",regular,LOW_VOL,MEAN_REVERTING,LOW_VOL,MicroAlphaStrategy
2026-03-17 14:37:25,010140,-0.13125990366426493,-1.3125990366426494,0.32754228356468906,1,True,MicroAlpha,"{'EWMAlpha(fast=5, slow=20)': -0.044126, 'OrderFlowAlpha(thr=0.1, w=5)': -0.745805}",regular,LOW_VOL,MEAN_REVERTING,LOW_VOL,MicroAlphaStrategy
2026-03-17 14:37:35,010140,0.08747929650551033,0.8747929650551033,0.3259345199997326,1,True,MicroAlpha,"{'EWMAlpha(fast=5, slow=20)': -0.054812, 'OrderFlowAlpha(thr=0.1, w=5)': -0.624064}",regular,LOW_VOL,TRENDING_DOWN,LOW_VOL,MicroAlphaStrategy
2026-03-17 14:38:40,010140,0.10394491230040594,1.0394491230040594,0.32484922048255727,1,True,MicroAlpha,"{'EWMAlpha(fast=5, slow=20)': -0.054884, 'OrderFlowAlpha(thr=0.1, w=5)': -0.614133}",regular,LOW_VOL,TRENDING_DOWN,LOW_VOL,MicroAlphaStrategy
2026-03-17 14:38:45,010140,0.11202265510738497,1.1202265510738498,0.32372805729736376,1,True,MicroAlpha,"{'EWMAlpha(fast=5, slow=20)': -0.053189, 'OrderFlowAlpha(thr=0.1, w=5)': -0.608207}",regular,LOW_VOL,TRENDING_DOWN,LOW_VOL,MicroAlphaStrategy
2026-03-17 14:38:50,010140,0.11779598683336684,1.1779598683336685,0.322553999392584,1,True,MicroAlpha,"{'EWMAlpha(fast=5, slow=20)': -0.050482, 'OrderFlowAlpha(thr=0.1, w=5)': -0.601402}",regular,LOW_VOL,TRENDING_DOWN,LOW_VOL,MicroAlphaStrategy
2026-03-17 14:38:55,010140,0.11493437682552964,1.1493437682552963,0.3215990160645258,1,True,MicroAlpha,"{'EWMAlpha(fast=5, slow=20)': -0.047249, 'OrderFlowAlpha(thr=0.1, w=5)': -0.6006}",regular,LOW_VOL,TRENDING_DOWN,LOW_VOL,MicroAlphaStrategy
2026-03-17 14:39:00,010140,0.1250098315620576,1.250098315620576,0.3205942172409532,1,True,MicroAlpha,"{'EWMAlpha(fast=5, slow=20)': -0.043801, 'OrderFlowAlpha(thr=0.1, w=5)': -0.60003}",regular,LOW_VOL,TRENDING_DOWN,LOW_VOL,MicroAlphaStrategy
2026-03-17 14:39:05,010140,0.13609531011237014,1.3609531011237013,0.31952542802541073,1,True,MicroAlpha,"{'EWMAlpha(fast=5, slow=20)': -0.040332, 'OrderFlowAlpha(thr=0.1, w=5)': -0.599597}",regular,LOW_VOL,TRENDING_DOWN,LOW_VOL,MicroAlphaStrategy
2026-03-17 14:39:10,010140,0.1454988867492371,1.454988867492371,0.3185660248603162,1,True,MicroAlpha,"{'EWMAlpha(fast=5, slow=20)': -0.036961, 'OrderFlowAlpha(thr=0.1, w=5)': -0.59805}",regular,LOW_VOL,TRENDING_DOWN,LOW_VOL,MicroAlphaStrategy
2026-03-17 14:39:15,010140,0.14735012734477818,1.4735012734477817,0.317843271203059,1,True,MicroAlpha,"{'EWMAlpha(fast=5, slow=20)': -0.033754, 'OrderFlowAlpha(thr=0.1, w=5)': -0.598054}",regular,LOW_VOL,TRENDING_DOWN,LOW_VOL,MicroAlphaStrategy
2026-03-17 14:39:20,010140,0.15186052224365626,1.5186052224365625,0.31686029415236866,1,True,MicroAlpha,"{'EWMAlpha(fast=5, slow=20)': -0.030749, 'OrderFlowAlpha(thr=0.1, w=5)': -0.59839}",regular,LOW_VOL,TRENDING_DOWN,LOW_VOL,MicroAlphaStrategy
2026-03-17 14:39:25,010140,0.13776137444787115,1.3776137444787115,0.316350871646717,1,True,MicroAlpha,"{'EWMAlpha(fast=5, slow=20)': -0.027961, 'OrderFlowAlpha(thr=0.1, w=5)': -0.599491}",regular,LOW_VOL,TRENDING_DOWN,LOW_VOL,MicroAlphaStrategy
2026-03-17 14:39:30,010140,0.15084910367908605,1.5084910367908604,0.31661574859693636,1,True,MicroAlpha,"{'EWMAlpha(fast=5, slow=20)': -0.025391, 'OrderFlowAlpha(thr=0.1, w=5)': -0.601586}",regular,LOW_VOL,TRENDING_DOWN,LOW_VOL,MicroAlphaStrategy
2026-03-17 14:39:35,010140,0.15111610013933666,1.5111610013933665,0.3169060456930023,1,True,MicroAlpha,"{'EWMAlpha(fast=5, slow=20)': -0.023036, 'OrderFlowAlpha(thr=0.1, w=5)': -0.604192}",regular,LOW_VOL,TRENDING_DOWN,LOW_VOL,MicroAlphaStrategy
2026-03-17 14:39:40,010140,0.15081124496779677,1.5081124496779676,0.31724152927480154,1,True,MicroAlpha,"{'EWMAlpha(fast=5, slow=20)': -0.020884, 'OrderFlowAlpha(thr=0.1, w=5)': -0.605905}",regular,LOW_VOL,MEAN_REVERTING,LOW_VOL,MicroAlphaStrategy
2026-03-17 14:39:45,010140,0.15574998815581456,1.5574998815581456,0.31763660519068304,1,True,MicroAlpha,"{'EWMAlpha(fast=5, slow=20)': -0.018923, 'OrderFlowAlpha(thr=0.1, w=5)': -0.605478}",regular,LOW_VOL,MEAN_REVERTING,LOW_VOL,MicroAlphaStrategy
2026-03-17 14:39:50,010140,0.16243727197407662,1.6243727197407662,0.31807799107384177,1,True,MicroAlpha,"{'EWMAlpha(fast=5, slow=20)': -0.01714, 'OrderFlowAlpha(thr=0.1, w=5)': -0.604319}",regular,LOW_VOL,MEAN_REVERTING,LOW_VOL,MicroAlphaStrategy
2026-03-17 14:39:55,010140,0.16946798476696048,1.6946798476696048,0.3189577272817926,1,True,MicroAlpha,"{'EWMAlpha(fast=5, slow=20)': -0.01552, 'OrderFlowAlpha(thr=0.1, w=5)': -0.602931}",regular,LOW_VOL,MEAN_REVERTING,LOW_VOL,MicroAlphaStrategy
2026-03-17 14:40:00,010140,0.1770966843206809,1.770966843206809,0.3203882513854747,1,True,MicroAlpha,"{'EWMAlpha(fast=5, slow=20)': -0.01405, 'OrderFlowAlpha(thr=0.1, w=5)': -0.601232}",regular,LOW_VOL,MEAN_REVERTING,LOW_VOL,MicroAlphaStrategy
2026-03-17 14:40:05,010140,0.18495480376886042,1.8495480376886042,0.32242707085334793,1,True,MicroAlpha,"{'EWMAlpha(fast=5, slow=20)': -0.012718, 'OrderFlowAlpha(thr=0.1, w=5)': -0.599361}",regular,LOW_VOL,MEAN_REVERTING,LOW_VOL,MicroAlphaStrategy
2026-03-17 14:40:10,010140,0.18644961212451763,1.8644961212451763,0.33149562897329965,1,True,MicroAlpha,"{'EWMAlpha(fast=5, slow=20)': -0.01151, 'OrderFlowAlpha(thr=0.1, w=5)': -0.599642}",regular,LOW_VOL,MEAN_REVERTING,LOW_VOL,MicroAlphaStrategy
2026-03-17 14:40:15,010140,0.1909244159784315,1.9092441597843148,0.34097462814916657,1,True,MicroAlpha,"{'EWMAlpha(fast=5, slow=20)': -0.010417, 'OrderFlowAlpha(thr=0.1, w=5)': -0.5988}",regular,LOW_VOL,MEAN_REVERTING,LOW_VOL,MicroAlphaStrategy
2026-03-17 14:40:20,010140,0.19729692981751978,1.9729692981751978,0.3517558837265562,1,True,MicroAlpha,"{'EWMAlpha(fast=5, slow=20)': -0.009426, 'OrderFlowAlpha(thr=0.1, w=5)': -0.597223}",regular,LOW_VOL,MEAN_REVERTING,LOW_VOL,MicroAlphaStrategy
2026-03-17 14:40:25,010140,0.20299636631074694,2.0299636631074693,0.36417539409226307,1,True,MicroAlpha,"{'EWMAlpha(fast=5, slow=20)': -0.00853, 'OrderFlowAlpha(thr=0.1, w=5)': -0.595819}",regular,LOW_VOL,MEAN_REVERTING,LOW_VOL,MicroAlphaStrategy
2026-03-17 14:40:30,010140,0.2068013415021236,2.0680134150212357,0.3791397780741464,1,True,MicroAlpha,"{'EWMAlpha(fast=5, slow=20)': -0.007718, 'OrderFlowAlpha(thr=0.1, w=5)': -0.595024}",regular,LOW_VOL,MEAN_REVERTING,LOW_VOL,MicroAlphaStrategy
2026-03-17 14:40:35,010140,0.15605306808513075,1.5605306808513075,0.38895842211532333,1,True,MicroAlpha,"{'EWMAlpha(fast=5, slow=20)': -0.006984, 'OrderFlowAlpha(thr=0.1, w=5)': -0.613331}",regular,LOW_VOL,MEAN_REVERTING,LOW_VOL,MicroAlphaStrategy
2026-03-17 14:40:40,010140,0.11179309830355465,1.1179309830355464,0.3921252567015743,1,True,MicroAlpha,"{'EWMAlpha(fast=5, slow=20)': -0.006319, 'OrderFlowAlpha(thr=0.1, w=5)': -0.629511}",regular,LOW_VOL,MEAN_REVERTING,LOW_VOL,MicroAlphaStrategy
2026-03-17 14:40:45,010140,0.06633307984960017,0.6633307984960017,0.39377709141812683,1,True,MicroAlpha,"{'EWMAlpha(fast=5, slow=20)': -0.005718, 'OrderFlowAlpha(thr=0.1, w=5)': -0.645866}",regular,LOW_VOL,MEAN_REVERTING,LOW_VOL,MicroAlphaStrategy
2026-03-17 14:42:35,010140,-0.05713865761923157,-0.5713865761923157,0.38939522256986453,1,True,MicroAlpha,"{'EWMAlpha(fast=5, slow=20)': -0.000632, 'OrderFlowAlpha(thr=0.1, w=5)': -0.674859}",regular,LOW_VOL,MEAN_REVERTING,LOW_VOL,MicroAlphaStrategy
2026-03-17 14:42:55,010140,-0.1383073001180948,-1.383073001180948,0.38888883530650487,1,True,MicroAlpha,"{'EWMAlpha(fast=5, slow=20)': -0.000572, 'OrderFlowAlpha(thr=0.1, w=5)': -0.688422}",regular,LOW_VOL,MEAN_REVERTING,LOW_VOL,MicroAlphaStrategy
2026-03-17 14:43:00,010140,-0.21110465473239517,-2.111046547323952,0.38855229552192505,1,True,MicroAlpha,"{'EWMAlpha(fast=5, slow=20)': -0.000518, 'OrderFlowAlpha(thr=0.1, w=5)': -0.700587}",regular,LOW_VOL,MEAN_REVERTING,LOW_VOL,MicroAlphaStrategy
2026-03-17 14:43:05,010140,-0.2732321443481224,-2.732321443481224,0.3883987863038794,1,True,MicroAlpha,"{'EWMAlpha(fast=5, slow=20)': -0.000468, 'OrderFlowAlpha(thr=0.1, w=5)': -0.710971}",regular,LOW_VOL,MEAN_REVERTING,LOW_VOL,MicroAlphaStrategy
2026-03-17 14:43:10,010140,-0.3109802171067852,-3.109802171067852,0.38829709042168425,1,True,MicroAlpha,"{'EWMAlpha(fast=5, slow=20)': -0.000424, 'OrderFlowAlpha(thr=0.1, w=5)': -0.71729}",regular,LOW_VOL,MEAN_REVERTING,LOW_VOL,MicroAlphaStrategy
2026-03-17 14:43:15,010140,-0.35628763435014976,-3.5628763435014976,0.3882419146971028,1,True,MicroAlpha,"{'EWMAlpha(fast=5, slow=20)': -0.000383, 'OrderFlowAlpha(thr=0.1, w=5)': -0.724866}",regular,LOW_VOL,MEAN_REVERTING,LOW_VOL,MicroAlphaStrategy
2026-03-17 14:43:20,010140,-0.3644914532860852,-3.644914532860852,0.3880785619209782,1,True,MicroAlpha,"{'EWMAlpha(fast=5, slow=20)': -0.000347, 'OrderFlowAlpha(thr=0.1, w=5)': -0.726257}",regular,LOW_VOL,MEAN_REVERTING,LOW_VOL,MicroAlphaStrategy
2026-03-17 14:43:25,010140,-0.3875131508943015,-3.875131508943015,0.38787495211089074,1,True,MicroAlpha,"{'EWMAlpha(fast=5, slow=20)': -0.000314, 'OrderFlowAlpha(thr=0.1, w=5)': -0.730115}",regular,LOW_VOL,MEAN_REVERTING,LOW_VOL,MicroAlphaStrategy
2026-03-17 14:43:30,010140,-0.4092294629885423,-4.092294629885423,0.3876840859581481,1,True,MicroAlpha,"{'EWMAlpha(fast=5, slow=20)': -0.000284, 'OrderFlowAlpha(thr=0.1, w=5)': -0.733753}",regular,LOW_VOL,MEAN_REVERTING,LOW_VOL,MicroAlphaStrategy
2026-03-17 14:43:35,010140,-0.4302158836728096,-4.302158836728096,0.3875373086065871,1,True,MicroAlpha,"{'EWMAlpha(fast=5, slow=20)': -0.000257, 'OrderFlowAlpha(thr=0.1, w=5)': -0.737267}",regular,LOW_VOL,MEAN_REVERTING,LOW_VOL,MicroAlphaStrategy
2026-03-17 14:43:40,010140,-0.4428614347175553,-4.428614347175553,0.3874377364744581,1,True,MicroAlpha,"{'EWMAlpha(fast=5, slow=20)': -0.000232, 'OrderFlowAlpha(thr=0.1, w=5)': -0.73939}",regular,LOW_VOL,MEAN_REVERTING,LOW_VOL,MicroAlphaStrategy
2026-03-17 14:43:45,010140,-0.45432877630853336,-4.543287763085334,0.387396303085756,1,True,MicroAlpha,"{'EWMAlpha(fast=5, slow=20)': -0.00021, 'OrderFlowAlpha(thr=0.1, w=5)': -0.741316}",regular,LOW_VOL,MEAN_REVERTING,LOW_VOL,MicroAlphaStrategy
2026-03-17 14:43:50,010140,-0.4444263925071242,-4.444263925071242,0.38740486483121317,1,True,MicroAlpha,"{'EWMAlpha(fast=5, slow=20)': -0.00019, 'OrderFlowAlpha(thr=0.1, w=5)': -0.739679}",regular,LOW_VOL,MEAN_REVERTING,LOW_VOL,MicroAlphaStrategy
2026-03-17 14:44:10,010140,-0.1580077555195789,-1.580077555195789,0.38718822331345715,1,True,MicroAlpha,"{'EWMAlpha(fast=5, slow=20)': -0.040477, 'OrderFlowAlpha(thr=0.1, w=5)': -0.665101}",regular,LOW_VOL,MEAN_REVERTING,LOW_VOL,MicroAlphaStrategy
2026-03-17 14:45:55,010140,0.35138422969940963,3.5138422969940963,0.3861204710396166,1,True,MicroAlpha,"{'EWMAlpha(fast=5, slow=20)': -0.103515, 'OrderFlowAlpha(thr=0.1, w=5)': -0.539477}",regular,LOW_VOL,TRENDING_DOWN,LOW_VOL,MicroAlphaStrategy
